edm_name,bathing_name,edm_name
Ainsdale,Ainsdale,
Ainsdale,Ainsdale,
Ainsdale,Ainsdale,
"Ainsdale; Southport",Ainsdale,
"Allonby South; Allonby West Winds",Allonby,
Allonby,Allonby,
Allonby,Allonby,
Allonby,Allonby,
Allonby,Allonby,
Allonby,Allonby,
Allonby,Allonby,
Allonby,Allonby,
Allonby,Allonby,
Allonby,Allonby,
Allonby South,Allonby,Allonby South
Allonby South,Allonby,Allonby South
Allonby South,Allonby,Allonby South
Allonby South and Allonby West Winds,Allonby,Allonby South and Allonby West Winds
Allonby_x000D_Allonby South,Allonby,Allonby_x000D_Allonby South
BABBACOMBE BEACH,Babbacombe,BABBACOMBE BEACH
BABBACOMBE BEACH,Babbacombe,BABBACOMBE BEACH
BABBACOMBE BEACH,Babbacombe,BABBACOMBE BEACH
BABBACOMBE BEACH,Babbacombe,BABBACOMBE BEACH
Bamburgh Castle,Bamburgh Castle,
BANTHAM BEACH,Bantham,BANTHAM BEACH
"BEACHLANDS CENTRAL, BEACHLANDS WEST, EASTNEY, SOUTHSEA EAST",Beachlands Central,"BEACHLANDS CENTRAL, BEACHLANDS WEST, EASTNEY, SOUTHSEA EAST"
"BEACHLANDS CENTRAL, BEACHLANDS WEST, EASTNEY, SOUTHSEA EAST",Beachlands Central,"BEACHLANDS CENTRAL, BEACHLANDS WEST, EASTNEY, SOUTHSEA EAST"
"BEACHLANDS CENTRAL, BEACHLANDS WEST, EASTOKE",Beachlands Central,"BEACHLANDS CENTRAL, BEACHLANDS WEST, EASTOKE"
"BEACHLANDS CENTRAL, BEACHLANDS WEST, EASTOKE, WEST WITTERING",Beachlands Central,"BEACHLANDS CENTRAL, BEACHLANDS WEST, EASTOKE, WEST WITTERING"
BEACON COVE BEACH,Beacon Cove,BEACON COVE BEACH
BEACON COVE BEACH,Beacon Cove,BEACON COVE BEACH
BEACON COVE BEACH,Beacon Cove,BEACON COVE BEACH
Beadnell,Beadnell,
Beadnell,Beadnell,
Beadnell,Beadnell,
BEER BEACH,Beer,BEER BEACH
BEER BEACH,Beer,BEER BEACH
"BEMBRIDGE, SEAGROVE, ST HELENS",Bembridge,"BEMBRIDGE, SEAGROVE, ST HELENS"
"BEMBRIDGE, SEAGROVE, ST HELENS",Bembridge,"BEMBRIDGE, SEAGROVE, ST HELENS"
"BEMBRIDGE, SEAGROVE, ST HELENS",Bembridge,"BEMBRIDGE, SEAGROVE, ST HELENS"
"BEMBRIDGE, SEAGROVE, ST HELENS",Bembridge,"BEMBRIDGE, SEAGROVE, ST HELENS"
"BEMBRIDGE, SEAGROVE, ST HELENS",Bembridge,"BEMBRIDGE, SEAGROVE, ST HELENS"
"BEMBRIDGE, ST HELENS",Bembridge,"BEMBRIDGE, ST HELENS"
"BEMBRIDGE, ST HELENS",Bembridge,"BEMBRIDGE, ST HELENS"
BEXHILL,Bexhill,
BEXHILL,Bexhill,
BEXHILL,Bexhill,
BEXHILL,Bexhill,
BEXHILL,Bexhill,
BEXHILL,Bexhill,
"BEXHILL, NORMANS BAY",Bexhill,"BEXHILL, NORMANS BAY"
"BEXHILL, NORMANS BAY",Bexhill,"BEXHILL, NORMANS BAY"
"BEXHILL, ST LEONARDS",Bexhill,"BEXHILL, ST LEONARDS"
BIGBURY-ON-SEA (NORTH) BEACH,Bexhill,BIGBURY-ON-SEA (NORTH) BEACH
BIGBURY-ON-SEA (NORTH) BEACH,Bexhill,BIGBURY-ON-SEA (NORTH) BEACH
BIRLING GAP,Birling Gap,
"Bispham, Cleveleys, Fleetwood",Bispham,"Bispham, Cleveleys, Fleetwood"
"Bispham, Cleveleys, Fleetwood",Bispham,"Bispham, Cleveleys, Fleetwood"
"Bispham; Cleveleys; Fleetwood",Bispham,""
Blackpool (South),Bispham,Blackpool (South)
Blackpool North,Blackpool North,
Blackpool North,Blackpool North,
"Blackpool North; Blackpool Central; Blackpool South",Blackpool North,""
"Blackpool North, Blackpool Central, and Blackpool South",Blackpool North,"Blackpool North, Blackpool Central, and Blackpool South"
"Blackpool North, Blackpool Central, Blackpool South and Bispham",Blackpool North,"Blackpool North, Blackpool Central, Blackpool South and Bispham"
"Blackpool North; Blackpool Central; Blackpool South; Bispham",Blackpool North,
"St Annes; St Annes North; Blackpool South; Blackpool Central; Blackpool North; Southport, Ainsdale",Blackpool Central,
BLUE ANCHOR WEST,Blue Anchor West,
BLUE ANCHOR WEST,Blue Anchor West,
BLUE ANCHOR WEST,Blue Anchor West,
BLUE ANCHOR WEST,Blue Anchor West,
BLUE ANCHOR WEST,Blue Anchor West,
BLUE ANCHOR WEST,Blue Anchor West,
BLUE ANCHOR WEST,Blue Anchor West,
Blyth South Beach,Blyth South Beach,
Blyth South Beach,Blyth South Beach,
Blyth South Beach,Blyth South Beach,
Blyth South Beach,Blyth South Beach,
Blyth South Beach,Blyth South Beach,
"Southport; St Annes Pier; St. Annes North; Blackpool South",Southport,
"BOGNOR REGIS (ALDWICK), BOGNOR REGIS EAST, FELPHAM",Bognor Regis (Aldwick),"BOGNOR REGIS (ALDWICK), BOGNOR REGIS EAST, FELPHAM"
"BOGNOR REGIS (ALDWICK), BOGNOR REGIS EAST, FELPHAM, MIDDLETON-ON-SEA",Bognor Regis (Aldwick),"BOGNOR REGIS (ALDWICK), BOGNOR REGIS EAST, FELPHAM, MIDDLETON-ON-SEA"
"BOGNOR REGIS (ALDWICK), BOGNOR REGIS EAST, FELPHAM, MIDDLETON-ON-SEA",Bognor Regis (Aldwick),"BOGNOR REGIS (ALDWICK), BOGNOR REGIS EAST, FELPHAM, MIDDLETON-ON-SEA"
"BOGNOR REGIS (ALDWICK), BOGNOR REGIS EAST, FELPHAM, MIDDLETON-ON-SEA",Bognor Regis (Aldwick),"BOGNOR REGIS (ALDWICK), BOGNOR REGIS EAST, FELPHAM, MIDDLETON-ON-SEA"
"BOGNOR REGIS (ALDWICK), BOGNOR REGIS EAST, FELPHAM, PAGHAM",Bognor Regis (Aldwick),"BOGNOR REGIS (ALDWICK), BOGNOR REGIS EAST, FELPHAM, PAGHAM"
"BOGNOR REGIS (ALDWICK), BOGNOR REGIS EAST, FELPHAM, PAGHAM",Bognor Regis (Aldwick),"BOGNOR REGIS (ALDWICK), BOGNOR REGIS EAST, FELPHAM, PAGHAM"
"BOGNOR REGIS (ALDWICK), BOGNOR REGIS EAST, FELPHAM, PAGHAM",Bognor Regis (Aldwick),"BOGNOR REGIS (ALDWICK), BOGNOR REGIS EAST, FELPHAM, PAGHAM"
"BOGNOR REGIS (ALDWICK), BOGNOR REGIS EAST, PAGHAM",Bognor Regis (Aldwick),"BOGNOR REGIS (ALDWICK), BOGNOR REGIS EAST, PAGHAM"
BOGNOR REGIS EAST,Bognor Regis East,
Botany Bay,"Botany Bay, Broadstairs",Botany Bay
BOTANY BAYBAY MARGATE,"Botany Bay, Broadstairs",BOTANY BAYBAY MARGATE
BOTANY BAYBAY MARGATE,"Botany Bay, Broadstairs",BOTANY BAYBAY MARGATE
BOTANY BAYBAY MARGATE,"Botany Bay, Broadstairs",BOTANY BAYBAY MARGATE
BOURNEMOUTH BOSCOMBE PIER,Bournemouth Boscombe Pier,
BOURNEMOUTH FISHERMAN'S WALK,Bournemouth Fisherman`s Walk,BOURNEMOUTH FISHERMAN'S WALK
BOURNEMOUTH HENGISTBURY WEST,Bournemouth Hengistbury West,
BOURNEMOUTH PIER,Bournemouth Pier,
Breakwater Beach (Shoalstone),Breakwater Beach (Shoalstone),
Bridlington North Bay,Bridlington North Beach,
Bridlington North Beach,Bridlington North Beach,
Bridlington North Beach,Bridlington North Beach,
Bridlington North Beach,Bridlington North Beach,
"Bridlington South Bay",Bridlington South Beach,
Bridlington South Beach,Bridlington South Beach,
Bridlington South Beach,Bridlington South Beach,
Bridlington South Beach,Bridlington South Beach,
Bridlington South Beach,Bridlington South Beach,
Bridlington South Beach,Bridlington South Beach,
"BRIGHTON CENTRAL, BRIGHTON KEMPTOWN",Brighton Central,"BRIGHTON CENTRAL, BRIGHTON KEMPTOWN"
"BRIGHTON CENTRAL, BRIGHTON KEMPTOWN, HOVE",Brighton Central,"BRIGHTON CENTRAL, BRIGHTON KEMPTOWN, HOVE"
BUDLEIGH SALTERTON BEACH,Budleigh Salterton,BUDLEIGH SALTERTON BEACH
BUDLEIGH SALTERTON BEACH,Budleigh Salterton,BUDLEIGH SALTERTON BEACH
BUDLEIGH SALTERTON BEACH,Budleigh Salterton,BUDLEIGH SALTERTON BEACH
BUDLEIGH SALTERTON BEACH,Budleigh Salterton,BUDLEIGH SALTERTON BEACH
BUDLEIGH SALTERTON BEACH,Budleigh Salterton,BUDLEIGH SALTERTON BEACH
BUDLEIGH SALTERTON BEACH,Budleigh Salterton,BUDLEIGH SALTERTON BEACH
BUDLEIGH SALTERTON BEACH,Budleigh Salterton,BUDLEIGH SALTERTON BEACH
BUDLEIGH SALTERTON BEACH,Budleigh Salterton,BUDLEIGH SALTERTON BEACH
CALSHOT,Calshot,
CAMBER,Camber,
CARBIS BAY,Carbis Bay,
CAWSAND BAY,Cawsand,CAWSAND BAY
CHALLABOROUGH BEACH,Challaborough,CHALLABOROUGH BEACH
CHALLABOROUGH BEACH,Challaborough,CHALLABOROUGH BEACH
CHARLESTOWN BEACH,Charlestown,CHARLESTOWN BEACH
CHARLESTOWN BEACH,Charlestown,CHARLESTOWN BEACH
CHARMOUTH WEST,Charmouth West,
CHARMOUTH WEST,Charmouth West,
CHARMOUTH WEST,Charmouth West,
CHRISTCHURCH AVON BEACH/CHRISTCHURCH FRIAR'S CLIFF,Christchurch Avon Beach,CHRISTCHURCH AVON BEACH/CHRISTCHURCH FRIAR'S CLIFF
CHRISTCHURCH AVON BEACH/CHRISTCHURCH FRIAR'S CLIFF,Christchurch Avon Beach,CHRISTCHURCH AVON BEACH/CHRISTCHURCH FRIAR'S CLIFF
CHRISTCHURCH AVON BEACH/CHRISTCHURCH FRIAR'S CLIFF,Christchurch Avon Beach,CHRISTCHURCH AVON BEACH/CHRISTCHURCH FRIAR'S CLIFF
CHRISTCHURCH AVON BEACH/CHRISTCHURCH FRIAR'S CLIFF,Christchurch Avon Beach,CHRISTCHURCH AVON BEACH/CHRISTCHURCH FRIAR'S CLIFF
CHRISTCHURCH AVON BEACH/CHRISTCHURCH FRIAR'S CLIFF,Christchurch Avon Beach,CHRISTCHURCH AVON BEACH/CHRISTCHURCH FRIAR'S CLIFF
CHRISTCHURCH AVON BEACH/CHRISTCHURCH FRIAR'S CLIFF,Christchurch Avon Beach,CHRISTCHURCH AVON BEACH/CHRISTCHURCH FRIAR'S CLIFF
CHRISTCHURCH AVON BEACH/CHRISTCHURCH FRIAR'S CLIFF**,Christchurch Avon Beach,CHRISTCHURCH AVON BEACH/CHRISTCHURCH FRIAR'S CLIFF**
CHRISTCHURCH BAY,Christchurch Bay,
CHRISTCHURCH BAY,Christchurch Bay,
"CHRISTCHURCH BAY, HIGHCLIFFE, MILFORD-ON-SEA",Christchurch Bay,"CHRISTCHURCH BAY, HIGHCLIFFE, MILFORD-ON-SEA"
CHURCH OPE COVE,Church Ope Cove,
"Clacton Groyne 41/Clacton Martello Tower","Clacton (Groyne 41)",
"Clacton Martello Tower","Clacton Beach Martello Tower",
"Cleethorpes and Humberston Fitties",Cleethorpes,
CLEVEDON BEACH,Clevedon Beach,
CLEVEDON BEACH,Clevedon Beach,
CLEVEDON BEACH,Clevedon Beach,
CLEVEDON BEACH,Clevedon Beach,
CLEVEDON BEACH,Clevedon Beach,
Cleveleys,Cleveleys,
COLWELL BAY,Colwell Bay,
COLWELL BAY,Colwell Bay,
"COLWELL BAY, TOTLAND BAY",Colwell Bay,"COLWELL BAY, TOTLAND BAY"
"COLWELL BAY, TOTLAND BAY",Colwell Bay,"COLWELL BAY, TOTLAND BAY"
"COLWELL BAY, TOTLAND BAY",Colwell Bay,"COLWELL BAY, TOTLAND BAY"
COMBE MARTIN BEACH,Combe Martin,COMBE MARTIN BEACH
COMBE MARTIN BEACH,Combe Martin,COMBE MARTIN BEACH
COMBE MARTIN BEACH,Combe Martin,COMBE MARTIN BEACH
CORYTON COVE DAWLISH,Constantine Bay,CORYTON COVE DAWLISH
COVERACK BEACH,Coverack,COVERACK BEACH
COVERACK BEACH,Coverack,COVERACK BEACH
"COWES, GURNARD",Cowes,"COWES, GURNARD"
"COWES, GURNARD",Cowes,"COWES, GURNARD"
"COWES, GURNARD",Cowes,"COWES, GURNARD"
"COWES, GURNARD",Cowes,"COWES, GURNARD"
"COWES, GURNARD",Cowes,"COWES, GURNARD"
"COWES, GURNARD",Cowes,"COWES, GURNARD"
"COWES, GURNARD",Cowes,"COWES, GURNARD"
"COWES, GURNARD",Cowes,"COWES, GURNARD"
"COWES, GURNARD",Cowes,"COWES, GURNARD"
"COWES, GURNARD",Cowes,"COWES, GURNARD"
"COWES, GURNARD",Cowes,"COWES, GURNARD"
"COWES, GURNARD",Cowes,"COWES, GURNARD"
"COWES, GURNARD",Cowes,"COWES, GURNARD"
"COWES, GURNARD",Cowes,"COWES, GURNARD"
"COWES, GURNARD",Cowes,"COWES, GURNARD"
"COWES, RYDE, SEAGROVE",Cowes,"COWES, RYDE, SEAGROVE"
CRACKINGTON HAVEN BEACH,Crackington Haven,CRACKINGTON HAVEN BEACH
CRANTOCK BEACH,Crantock,CRANTOCK BEACH
CRANTOCK BEACH,Crantock,CRANTOCK BEACH
CRANTOCK BEACH,Crantock,CRANTOCK BEACH
Crimdon,Crimdon,
Crimdon,Crimdon,
CROOKLETS,Crooklets,
CROYDE BAY BEACH,Croyde Bay,CROYDE BAY BEACH
Cullercoats,Croyde Bay,Cullercoats
Cullercoats,Croyde Bay,Cullercoats
DARTMOUTH CASTLE AND SUGARY COVE,Dartmouth Castle and Sugary Cove,
DAWLISH (TOWN) BEACH,Dartmouth Castle and Sugary Cove,DAWLISH (TOWN) BEACH
DAWLISH (TOWN) BEACH,Dartmouth Castle and Sugary Cove,DAWLISH (TOWN) BEACH
DAWLISH (TOWN) BEACH,Dartmouth Castle and Sugary Cove,DAWLISH (TOWN) BEACH
DAWLISH (TOWN) BEACH,Dartmouth Castle and Sugary Cove,DAWLISH (TOWN) BEACH
DAWLISH (TOWN) BEACH,Dartmouth Castle and Sugary Cove,DAWLISH (TOWN) BEACH
DAWLISH (TOWN) BEACH,Dartmouth Castle and Sugary Cove,DAWLISH (TOWN) BEACH
DAWLISH (TOWN) BEACH,Dartmouth Castle and Sugary Cove,DAWLISH (TOWN) BEACH
DAWLISH (TOWN) BEACH,Dartmouth Castle and Sugary Cove,DAWLISH (TOWN) BEACH
DAWLISH (TOWN) BEACH,Dartmouth Castle and Sugary Cove,DAWLISH (TOWN) BEACH
DEAL CASTLE,Deal Castle,
DOWNDERRY BEACH,Downderry,DOWNDERRY BEACH
Druridge Bay North,Druridge Bay North,
Druridge Bay North,Druridge Bay North,
EAST LOOE BEACH,East Looe,EAST LOOE BEACH
EAST LOOE BEACH,East Looe,EAST LOOE BEACH
EAST LOOE BEACH,East Looe,EAST LOOE BEACH
EAST LOOE BEACH,East Looe,EAST LOOE BEACH
EAST LOOE BEACH,East Looe,EAST LOOE BEACH
EAST LOOE BEACH,East Looe,EAST LOOE BEACH
EAST LOOE BEACH,East Looe,EAST LOOE BEACH
EASTBOURNE,Eastbourne,
"EASTBOURNE, PEVENSEY BAY",Eastbourne,"EASTBOURNE, PEVENSEY BAY"
"EASTBOURNE, PEVENSEY BAY",Eastbourne,"EASTBOURNE, PEVENSEY BAY"
"EASTNEY, BEACHLANDS WEST",Eastney,"EASTNEY, BEACHLANDS WEST"
EXMOUTH BEACH,Exmouth,EXMOUTH BEACH
EXMOUTH BEACH,Exmouth,EXMOUTH BEACH
EXMOUTH BEACH,Exmouth,EXMOUTH BEACH
EXMOUTH BEACH,Exmouth,EXMOUTH BEACH
EXMOUTH BEACH,Exmouth,EXMOUTH BEACH
FELPHAM,Felpham,
"FELPHAM, MIDDLETON-ON-SEA",Felpham,"FELPHAM, MIDDLETON-ON-SEA"
FISTRAL NORTH & SOUTH,Fistral North,FISTRAL NORTH & SOUTH
FISTRAL NORTH & SOUTH,Fistral North,FISTRAL NORTH & SOUTH
Flamborough South Landing,Flamborough South Landing,
Fleetwood,Fleetwood,
Fleetwood,Fleetwood,
Fleetwood,Fleetwood,
Fleetwood,Fleetwood,
Fleetwood,Fleetwood,
Fleetwood,Fleetwood,
Fleetwood,Fleetwood,
Fleetwood,Fleetwood,
Fleetwood,Fleetwood,
Fleetwood,Fleetwood,
Fleetwood,Fleetwood,
Fleetwood,Fleetwood,
Fleetwood,Fleetwood,
Fleetwood and Morecambe South,Fleetwood,Fleetwood and Morecambe South
"Fleetwood; Morecambe South",Fleetwood,
FOLKESTONE,Folkestone,
FOLKESTONE,Folkestone,
"FOLKESTONE, SANDGATE",Folkestone,"FOLKESTONE, SANDGATE"
Formby,Formby,
Formby,Formby,
Formby,Formby,
Formby,Formby,
Formby,Formby,
GOODRINGTON BEACH,Goodrington,GOODRINGTON BEACH
GOODRINGTON BEACH,Goodrington,GOODRINGTON BEACH
GORRAN HAVEN (LITTLE PERHAVER) BEACH,Gorleston Beach,GORRAN HAVEN (LITTLE PERHAVER) BEACH
GWITHIAN TOWANS & GODREVY,Gwithian Towans,GWITHIAN TOWANS & GODREVY
GWITHIAN TOWANS & GODREVY,Gwithian Towans,GWITHIAN TOWANS & GODREVY
HARLYN BAY BEACH,Harlyn Bay,HARLYN BAY BEACH
"HASTINGS PELHAM BEACH, ST LEONARDS",Hastings Pelham Beach,"HASTINGS PELHAM BEACH, ST LEONARDS"
"HASTINGS PELHAM BEACH, ST LEONARDS",Hastings Pelham Beach,"HASTINGS PELHAM BEACH, ST LEONARDS"
"HASTINGS PELHAM BEACH, ST LEONARDS",Hastings Pelham Beach,"HASTINGS PELHAM BEACH, ST LEONARDS"
"HASTINGS PELHAM BEACH, ST LEONARDS",Hastings Pelham Beach,"HASTINGS PELHAM BEACH, ST LEONARDS"
"HASTINGS PELHAM BEACH, ST LEONARDS",Hastings Pelham Beach,"HASTINGS PELHAM BEACH, ST LEONARDS"
"Haverigg, Walney Biggar Bank, Walney West Shore, and Walney Sandy Gap",Haverigg,"Haverigg, Walney Biggar Bank, Walney West Shore, and Walney Sandy Gap"
"Haverigg, Walney Biggar Bank, Walney West Shore, and Walney Sandy Gap",Haverigg,"Haverigg, Walney Biggar Bank, Walney West Shore, and Walney Sandy Gap"
"Haverigg, Walney Biggar Bank, Walney West Shore, and Walney Sandy Gap",Haverigg,"Haverigg, Walney Biggar Bank, Walney West Shore, and Walney Sandy Gap"
"Haverigg, Walney Biggar Bank, Walney West Shore, and Walney Sandy Gap",Haverigg,"Haverigg, Walney Biggar Bank, Walney West Shore, and Walney Sandy Gap"
"Haverigg, Walney Biggar Bank, Walney West Shore, and Walney Sandy Gap",Haverigg,"Haverigg, Walney Biggar Bank, Walney West Shore, and Walney Sandy Gap"
"Haverigg, Walney Biggar Bank, Walney West Shore, and Walney Sandy Gap",Haverigg,"Haverigg, Walney Biggar Bank, Walney West Shore, and Walney Sandy Gap"
"Haverigg, Walney Biggar Bank, Walney West Shore, and Walney Sandy Gap",Haverigg,"Haverigg, Walney Biggar Bank, Walney West Shore, and Walney Sandy Gap"
"Haverigg, Walney Biggar Bank, Walney West Shore, and Walney Sandy Gap",Haverigg,"Haverigg, Walney Biggar Bank, Walney West Shore, and Walney Sandy Gap"
"Haverigg; Walney Biggar Bank; Walney West Shore; Walney Sandy Gap",Haverigg,
HERNE BAY,Herne Bay,
"HERNE BAY CENTRAL, TANKERTON",Herne Bay Central,"HERNE BAY CENTRAL, TANKERTON"
"HERNE BAY CENTRAL, TANKERTON",Herne Bay Central,"HERNE BAY CENTRAL, TANKERTON"
"HERNE BAY CENTRAL, TANKERTON, WEST BEACH WHITSTABLE",Herne Bay Central,"HERNE BAY CENTRAL, TANKERTON, WEST BEACH WHITSTABLE"
"HERNE BAY, HERNE BAY CENTRAL",Herne Bay Central,"HERNE BAY, HERNE BAY CENTRAL"
"HERNE BAY, HERNE BAY CENTRAL",Herne Bay Central,"HERNE BAY, HERNE BAY CENTRAL"
"HERNE BAY, HERNE BAY CENTRAL",Herne Bay Central,"HERNE BAY, HERNE BAY CENTRAL"
HILLHEAD,Hillhead,
HILLHEAD,Hillhead,
"HILLHEAD, LEE-ON-SOLENT",Hillhead,"HILLHEAD, LEE-ON-SOLENT"
"HILLHEAD, LEE-ON-SOLENT",Hillhead,"HILLHEAD, LEE-ON-SOLENT"
"HILLHEAD, LEE-ON-SOLENT, STOKES BAY",Hillhead,"HILLHEAD, LEE-ON-SOLENT, STOKES BAY"
"HILLHEAD, LEE-ON-SOLENT, STOKES BAY",Hillhead,"HILLHEAD, LEE-ON-SOLENT, STOKES BAY"
HIVE (BURTON BRADSTOCK),Hive,HIVE (BURTON BRADSTOCK)
HOPE COVE BEACH,Hope Cove,HOPE COVE BEACH
HOPE COVE BEACH,Hope Cove,HOPE COVE BEACH
HOPE COVE BEACH,Hope Cove,HOPE COVE BEACH
"HYTHE, SANDGATE",Hythe,"HYTHE, SANDGATE"
"HYTHE, SANDGATE",Hythe,"HYTHE, SANDGATE"
"HYTHE, SANDGATE",Hythe,"HYTHE, SANDGATE"
"HOVE, SHOREHAM BEACH, SOUTHWICK",Shoreham Beach,
ILFRACOMBE HELE,Ilfracombe Hele,
ILFRACOMBE WILDERSMOUTH BEACH,Ilfracombe Tunnels Beach,ILFRACOMBE WILDERSMOUTH BEACH
ILFRACOMBE WILDERSMOUTH BEACH,Ilfracombe Tunnels Beach,ILFRACOMBE WILDERSMOUTH BEACH
ILFRACOMBE WILDERSMOUTH BEACH,Ilfracombe Tunnels Beach,ILFRACOMBE WILDERSMOUTH BEACH
KINGSAND BEACH,Kingsand,KINGSAND BEACH
KINGSAND BEACH,Kingsand,KINGSAND BEACH
KINGSAND BEACH,Kingsand,KINGSAND BEACH
"LEE-ON-SOLENT, STOKES BAY",Lee-on-Solent,"LEE-ON-SOLENT, STOKES BAY"
LEPE,Lepe,
LEYSDOWN,Leysdown,
LEYSDOWN,Leysdown,
LEYSDOWN,Leysdown,
LEYSDOWN,Leysdown,
LITTLEHAMPTON,Littlehampton,
LITTLEHAMPTON,Littlehampton,
LITTLEHAMPTON,Littlehampton,
LITTLEHAMPTON,Littlehampton,
LITTLEHAMPTON,Littlehampton,
LITTLEHAMPTON,Littlehampton,
LITTLEHAMPTON,Littlehampton,
"LITTLEHAMPTON, MIDDLETON-ON-SEA",Littlehampton,"LITTLEHAMPTON, MIDDLETON-ON-SEA"
"LITTLESTONE, ST MARYS BAY (KENT)",Littlestone,"LITTLESTONE, ST MARYS BAY (KENT)"
"LITTLESTONE, ST MARYS BAY (KENT)",Littlestone,"LITTLESTONE, ST MARYS BAY (KENT)"
LONG ROCK,Long Rock,
LONG ROCK,Long Rock,
LONG ROCK,Long Rock,
LONG ROCK,Long Rock,
LONG ROCK,Long Rock,
LONG ROCK,Long Rock,
LONG ROCK,Long Rock,
LULWORTH COVE,Lulworth Cove,
LULWORTH COVE,Lulworth Cove,
Lyme Regis Front Beach,Lyme Regis Front Beach,
Lyme Regis Front Beach,Lyme Regis Front Beach,
Lyme Regis Front Beach,Lyme Regis Front Beach,
Lyme Regis Front Beach,Lyme Regis Front Beach,
Lyme Regis Front Beach,Lyme Regis Front Beach,
Lyme Regis Front Beach,Lyme Regis Front Beach,
LYME REGIS FRONT BEACH,Lyme Regis Front Beach,
LYNMOUTH BEACH,Lynmouth,LYNMOUTH BEACH
LYNMOUTH BEACH,Lynmouth,LYNMOUTH BEACH
LYNMOUTH BEACH,Lynmouth,LYNMOUTH BEACH
LYNMOUTH BEACH,Lynmouth,LYNMOUTH BEACH
LYNMOUTH BEACH,Lynmouth,LYNMOUTH BEACH
MAENPORTH BEACH,Maenporth,MAENPORTH BEACH
"MARGATE FULSAM ROCK, MARGATE THE BAY, ST MILDREDS BAY WESTGATE, WALPOLE BAY MARGATE, WEST BAY WESTGATE, WESTBROOK BAY MARGATE",Margate Fulsam Rock,"MARGATE FULSAM ROCK, MARGATE THE BAY, ST MILDREDS BAY WESTGATE, WALPOLE BAY MARGATE, WEST BAY WESTGATE, WESTBROOK BAY MARGATE"
"MARGATE FULSAM ROCK, MARGATE THE BAY, ST MILDREDS BAY WESTGATE, WALPOLE BAY MARGATE, WEST BAY WESTGATE, WESTBROOK BAY MARGATE",Margate Fulsam Rock,"MARGATE FULSAM ROCK, MARGATE THE BAY, ST MILDREDS BAY WESTGATE, WALPOLE BAY MARGATE, WEST BAY WESTGATE, WESTBROOK BAY MARGATE"
"MARGATE FULSAM ROCK, MARGATE THE BAY, ST MILDREDS BAY WESTGATE, WALPOLE BAY MARGATE, WEST BAY WESTGATE, WESTBROOK BAY MARGATE",Margate Fulsam Rock,"MARGATE FULSAM ROCK, MARGATE THE BAY, ST MILDREDS BAY WESTGATE, WALPOLE BAY MARGATE, WEST BAY WESTGATE, WESTBROOK BAY MARGATE"
Marsden,Marsden,
Marske Sands,Marske Sands,
Marske Sands,Marske Sands,
Marske Sands,Marske Sands,
Marske Sands,Marske Sands,
Marske Sands,Marske Sands,
Marske Sands,Marske Sands,
Marske Sands,Marske Sands,
MAWGAN PORTH BEACH,Mawgan Porth,MAWGAN PORTH BEACH
MAWGAN PORTH BEACH,Mawgan Porth,MAWGAN PORTH BEACH
MEADFOOT BEACH,Meadfoot,MEADFOOT BEACH
MEADFOOT BEACH,Meadfoot,MEADFOOT BEACH
Meols,Meols,
Meols,Meols,
Meols,Meols,
"Meols, Moreton and Wallasey",Meols,"Meols, Moreton and Wallasey"
"Meols; Moreton; Wallasey",Meols,
MILL BAY BEACH,Mill Bay,MILL BAY BEACH
MILL BAY BEACH,Mill Bay,MILL BAY BEACH
MILLENDREATH BEACH,Millendreath,MILLENDREATH BEACH
MINEHEAD TERMINUS,Minehead Terminus,
MINEHEAD TERMINUS,Minehead Terminus,
MINEHEAD TERMINUS,Minehead Terminus,
MINEHEAD TERMINUS,Minehead Terminus,
MINSTER LEAS,Minster Leas,
"MINSTER LEAS, SHEERNESS",Minster Leas,"MINSTER LEAS, SHEERNESS"
"MINSTER LEAS, SHEERNESS",Minster Leas,"MINSTER LEAS, SHEERNESS"
"MINSTER LEAS, SHEERNESS",Minster Leas,"MINSTER LEAS, SHEERNESS"
Morecambe North and Morecambe South,Morecambe North,Morecambe North and Morecambe South
Morecambe North and Morecambe South,Morecambe North,Morecambe North and Morecambe South
Morecambe North and Morecambe South,Morecambe North,Morecambe North and Morecambe South
Morecambe North,Morecambe North,
Morecambe North,Morecambe North,
Morecambe North and Morecambe South,Morecambe North,Morecambe North and Morecambe South
Morecambe North and Morecambe South,Morecambe North,Morecambe North and Morecambe South
Morecambe North and Morecambe South,Morecambe North,Morecambe North and Morecambe South
Morecambe North and Morecambe South,Morecambe North,Morecambe North and Morecambe South
Morecambe North and Morecambe South,Morecambe North,Morecambe North and Morecambe South
Morecambe North and Morecambe South,Morecambe North,Morecambe North and Morecambe South
Morecambe North and Morecambe South,Morecambe North,Morecambe North and Morecambe South
Morecambe North and Morecambe South,Morecambe North,Morecambe North and Morecambe South
Morecambe North and Morecambe South,Morecambe North,Morecambe North and Morecambe South
"Morecambe North; Morecambe South",Morecambe North,
Morecambe South,Morecambe South,
Morecambe South,Morecambe South,
Morecambe South,Morecambe South,
Morecambe South,Morecambe South,
Morecambe South,Morecambe South,
Morecambe South,Morecambe South,
Morecambe South,Morecambe South,
Morecambe South,Morecambe South,
Morecambe South,Morecambe South,
Morecambe South,Morecambe South,
Morecambe South,Morecambe South,
Morecambe South,Morecambe South,
Morecambe South,Morecambe South,
Morecambe South,Morecambe South,
Morecambe South,Morecambe South,
Morecambe South,Morecambe South,
Morecambe South,Morecambe South,
Morecambe South_x000D_Morecambe North,Morecambe South,Morecambe South_x000D_Morecambe North
Moreton,Moreton,
Moreton,Moreton,
Moreton,Moreton,
Moreton,Moreton,
Moreton,Moreton,
Moreton,Moreton,
Moreton and Wallasey,Moreton,Moreton and Wallasey
Moreton and Wallasey,Moreton,Moreton and Wallasey
Moreton and Wallasey,Moreton,Moreton and Wallasey
Moreton and Wallasey,Moreton,Moreton and Wallasey
"Moreton; Wallasey",Moreton,
MOTHECOMBE BEACH,Mothecombe,MOTHECOMBE BEACH
MOTHECOMBE BEACH,Mothecombe,MOTHECOMBE BEACH
MOTHECOMBE BEACH,Mothecombe,MOTHECOMBE BEACH
MOTHECOMBE BEACH,Mothecombe,MOTHECOMBE BEACH
MOTHECOMBE BEACH,Mothecombe,MOTHECOMBE BEACH
MOTHECOMBE BEACH,Mothecombe,MOTHECOMBE BEACH
MOTHECOMBE BEACH,Mothecombe,MOTHECOMBE BEACH
MOTHECOMBE BEACH,Mothecombe,MOTHECOMBE BEACH
MOTHECOMBE BEACH,Mothecombe,MOTHECOMBE BEACH
MOTHECOMBE BEACH,Mothecombe,MOTHECOMBE BEACH
MOTHECOMBE BEACH,Mothecombe,MOTHECOMBE BEACH
Newbiggin North & Newbiggin South,Newbiggin North,Newbiggin North & Newbiggin South
Newbiggin North & Newbiggin South,Newbiggin North,Newbiggin North & Newbiggin South
Newbiggin North & Newbiggin South,Newbiggin North,Newbiggin North & Newbiggin South
NORMANS BAY,Norman`s Bay,NORMANS BAY
"NORMANS BAY, PEVENSEY BAY",Norman`s Bay,"NORMANS BAY, PEVENSEY BAY"
PAGHAM,Pagham,
PAGHAM,Pagham,
Paignton Paignton Sands,Paignton Paignton Sands,
Paignton Paignton Sands,Paignton Paignton Sands,
Paignton Paignton Sands,Paignton Paignton Sands,
Paignton Paignton Sands,Paignton Paignton Sands,
Paignton Paignton Sands,Paignton Paignton Sands,
Paignton Paignton Sands,Paignton Paignton Sands,
PAR SANDS,Par Sands,
PAR SANDS,Par Sands,
PAR SANDS,Par Sands,
PENTEWAN BEACH,Pentewan,PENTEWAN BEACH
PENTEWAN BEACH,Pentewan,PENTEWAN BEACH
PERRANPORTH,Perranporth,
PERRANUTHNOE,Perranuthnoe,
PEVENSEY BAY,Pevensey Bay,
PEVENSEY BAY,Pevensey Bay,
Plymouth Hoe East,Plymouth Hoe East,
Plymouth Hoe East,Plymouth Hoe East,
Plymouth Hoe East,Plymouth Hoe East,
Plymouth Hoe East,Plymouth Hoe East,
Plymouth Hoe East,Plymouth Hoe East,
Plymouth Hoe East,Plymouth Hoe East,
Plymouth Hoe East,Plymouth Hoe East,
Plymouth Hoe East,Plymouth Hoe East,
Plymouth Hoe East,Plymouth Hoe East,
Plymouth Hoe East,Plymouth Hoe East,
Plymouth Hoe East,Plymouth Hoe East,
Plymouth Hoe East,Plymouth Hoe East,
Plymouth Hoe East,Plymouth Hoe East,
Plymouth Hoe East,Plymouth Hoe East,
Plymouth Hoe East,Plymouth Hoe East,
Plymouth Hoe East,Plymouth Hoe East,
Plymouth Hoe East,Plymouth Hoe East,
Plymouth Hoe East,Plymouth Hoe East,
Plymouth Hoe East,Plymouth Hoe East,
Plymouth Hoe East,Plymouth Hoe East,
Plymouth Hoe East,Plymouth Hoe East,
Plymouth Hoe East,Plymouth Hoe East,
Plymouth Hoe East,Plymouth Hoe East,
Plymouth Hoe East,Plymouth Hoe East,
Plymouth Hoe East,Plymouth Hoe East,
Plymouth Hoe East,Plymouth Hoe East,
Plymouth Hoe East,Plymouth Hoe East,
Plymouth Hoe East,Plymouth Hoe East,
Plymouth Hoe East,Plymouth Hoe East,
Plymouth Hoe East,Plymouth Hoe East,
Plymouth Hoe East,Plymouth Hoe East,
Plymouth Hoe East,Plymouth Hoe East,
Plymouth Hoe East,Plymouth Hoe East,
Plymouth Hoe East,Plymouth Hoe East,
Plymouth Hoe East,Plymouth Hoe East,
Plymouth Hoe East,Plymouth Hoe East,
Plymouth Hoe East,Plymouth Hoe East,
Plymouth Hoe East,Plymouth Hoe East,
Plymouth Hoe WEST,Plymouth Hoe West,
Plymouth Hoe WEST,Plymouth Hoe West,
Plymouth Hoe WEST,Plymouth Hoe West,
Plymouth Hoe WEST,Plymouth Hoe West,
Plymouth Hoe WEST,Plymouth Hoe West,
Plymouth Hoe WEST,Plymouth Hoe West,
POLSTREATH BEACH,Polstreath,POLSTREATH BEACH
POLURRIAN COVE BEACH,Polurrian Cove,POLURRIAN COVE BEACH
POLZEATH BEACH,Polzeath,POLZEATH BEACH
POLZEATH BEACH,Polzeath,POLZEATH BEACH
POOLE HARBOUR HAMWORTH PARK /POOLE HARBOUR ROCKLEY SANDS / POOLE HARBOUR LAKE,Poole Canford Cliffs Chine,POOLE HARBOUR HAMWORTH PARK /POOLE HARBOUR ROCKLEY SANDS / POOLE HARBOUR LAKE
POOLE HARBOUR HAMWORTH PARK /POOLE HARBOUR ROCKLEY SANDS / POOLE HARBOUR LAKE,Poole Canford Cliffs Chine,POOLE HARBOUR HAMWORTH PARK /POOLE HARBOUR ROCKLEY SANDS / POOLE HARBOUR LAKE
POOLE HARBOUR ROCKLEY SANDS,Poole Harbour Rockley Sands,
POOLE HARBOUR ROCKLEY SANDS,Poole Harbour Rockley Sands,
POOLE HARBOUR ROCKLEY SANDS,Poole Harbour Rockley Sands,
POOLE HARBOUR ROCKLEY SANDS,Poole Harbour Rockley Sands,
POOLE HARBOUR ROCKLEY SANDS,Poole Harbour Rockley Sands,
POOLE HARBOUR ROCKLEY SANDS**,Poole Harbour Rockley Sands,POOLE HARBOUR ROCKLEY SANDS**
POOLE SHORE ROAD BEACH,Poole Shore Road Beach,
PORLOCK WEIR,Porlock Weir,
PORLOCK WEIR,Porlock Weir,
PORLOCK WEIR,Porlock Weir,
PORTH KIDNEY SANDS,Porth,PORTH KIDNEY SANDS
PORTH KIDNEY SANDS,Porth,PORTH KIDNEY SANDS
PORTHALLOW BEACH,Porthallow,PORTHALLOW BEACH
PORTHCURNO BEACH,Porthcurno,PORTHCURNO BEACH
PORTHGWIDDEN BEACH ST.IVES,Porthgwidden,PORTHGWIDDEN BEACH ST.IVES
PORTHLEVEN SANDS,Porthleven Sands,
PORTHLEVEN SANDS,Porthleven Sands,
PORTHMINSTER BEACH ST.IVES,Porthminster,PORTHMINSTER BEACH ST.IVES
PORTHOUSTOCK BEACH,Porthoustock,PORTHOUSTOCK BEACH
PORTHPEAN BEACH,Porthpean,PORTHPEAN BEACH
PORTHTOWAN,Porthtowan,
PORTHTOWAN BEACH,Porthtowan,PORTHTOWAN BEACH
PORTLAND HARBOUR CASTLE COVE/PORTLAND HARBOUR SANDSFOOT CASTLE,Portland Harbour Castle Cove,PORTLAND HARBOUR CASTLE COVE/PORTLAND HARBOUR SANDSFOOT CASTLE
PORTLAND HARBOUR CASTLE COVE/PORTLAND HARBOUR SANDSFOOT CASTLE,Portland Harbour Castle Cove,PORTLAND HARBOUR CASTLE COVE/PORTLAND HARBOUR SANDSFOOT CASTLE
PORTLAND HARBOUR CASTLE COVE/PORTLAND HARBOUR SANDSFOOT CASTLE**,Portland Harbour Castle Cove,PORTLAND HARBOUR CASTLE COVE/PORTLAND HARBOUR SANDSFOOT CASTLE**
PORTLAND HARBOUR CASTLE COVE/PORTLAND HARBOUR SANDSFOOT CASTLE**,Portland Harbour Castle Cove,PORTLAND HARBOUR CASTLE COVE/PORTLAND HARBOUR SANDSFOOT CASTLE**
PORTLAND HARBOUR CASTLE COVE/PORTLAND HARBOUR SANDSFOOT CASTLE**,Portland Harbour Castle Cove,PORTLAND HARBOUR CASTLE COVE/PORTLAND HARBOUR SANDSFOOT CASTLE**
PORTMELLON BEACH,Portmellon,PORTMELLON BEACH
PORTREATH BEACH,Portreath,PORTREATH BEACH
PORTWRINKLE BEACH,Portwrinkle,PORTWRINKLE BEACH
PORTWRINKLE BEACH,Portwrinkle,PORTWRINKLE BEACH
RAMSGATE SANDS,Ramsgate Sands,
"RAMSGATE SANDS, RAMSGATE WESTERN UNDERCLIFFE",Ramsgate Sands,"RAMSGATE SANDS, RAMSGATE WESTERN UNDERCLIFFE"
"RAMSGATE SANDS, RAMSGATE WESTERN UNDERCLIFFE",Ramsgate Sands,"RAMSGATE SANDS, RAMSGATE WESTERN UNDERCLIFFE"
RAMSGATE WESTERN UNDERCLIFFE,Ramsgate Western Undercliffe,
READYMONEY COVE,Readymoney Cove,
READYMONEY COVE,Readymoney Cove,
READYMONEY COVE,Readymoney Cove,
READYMONEY COVE,Readymoney Cove,
READYMONEY COVE,Readymoney Cove,
READYMONEY COVE,Readymoney Cove,
READYMONEY COVE,Readymoney Cove,
Redcar Coatham,Redcar Coatham,
Redcar Coatham,Redcar Coatham,
Redcar Coatham,Redcar Coatham,
Redcar Coatham,Redcar Coatham,
Redcar Sands - Granville Terrace,Redcar Lifeboat Station,Redcar Sands - Granville Terrace
Redcar Stray,Redcar Stray,
RINGSTEAD BAY,Ringstead Bay,
Roker (Whitburn South),Roker - Sunderland,Roker (Whitburn South)
RYDE,Ryde,
RYDE,Ryde,
RYDE,Ryde,
RYDE,Ryde,
RYDE,Ryde,
RYDE,Ryde,
RYDE,Ryde,
"RYDE, SEAGROVE",Ryde,"RYDE, SEAGROVE"
"RYDE, SEAGROVE",Ryde,"RYDE, SEAGROVE"
"RYDE, SEAGROVE",Ryde,"RYDE, SEAGROVE"
"RYDE, SEAGROVE, ST HELENS",Ryde,"RYDE, SEAGROVE, ST HELENS"
"RYDE, SEAGROVE, ST HELENS",Ryde,"RYDE, SEAGROVE, ST HELENS"
"RYDE, SEAGROVE, ST HELENS",Ryde,"RYDE, SEAGROVE, ST HELENS"
"RYDE, SEAGROVE, ST HELENS",Ryde,"RYDE, SEAGROVE, ST HELENS"
"RYDE, SEAGROVE, ST HELENS",Ryde,"RYDE, SEAGROVE, ST HELENS"
"RYDE, SEAGROVE, ST HELENS",Ryde,"RYDE, SEAGROVE, ST HELENS"
"RYDE, SEAGROVE, ST HELENS",Ryde,"RYDE, SEAGROVE, ST HELENS"
SALCOMBE NORTH SANDS,Salcombe North Sands,
SALCOMBE SOUTH SANDS,Salcombe South Sands,
SALCOMBE SOUTH SANDS,Salcombe South Sands,
SALCOMBE SOUTH SANDS,Salcombe South Sands,
Saltburn Pier,Saltburn,Saltburn Pier
Saltburn Pier,Saltburn,Saltburn Pier
Saltburn Pier,Saltburn,Saltburn Pier
Saltburn Pier,Saltburn,Saltburn Pier
Saltburn Pier,Saltburn,Saltburn Pier
Saltburn Pier,Saltburn,Saltburn Pier
Saltburn Pier,Saltburn,Saltburn Pier
Saltburn Pier,Saltburn,Saltburn Pier
SALTDEAN,Saltdean,
"SANDOWN, SHANKLIN",Sandown,"SANDOWN, SHANKLIN"
"SANDOWN, SHANKLIN, YAVERLAND",Sandown,"SANDOWN, SHANKLIN, YAVERLAND"
"SANDOWN, SHANKLIN, YAVERLAND",Sandown,"SANDOWN, SHANKLIN, YAVERLAND"
"SANDOWN, WHITECLIFF BAY, YAVERLAND, SHANKLIN",Sandown,"SANDOWN, WHITECLIFF BAY, YAVERLAND, SHANKLIN"
"SANDOWN, WHITECLIFF BAY, YAVERLAND, SHANKLIN",Sandown,"SANDOWN, WHITECLIFF BAY, YAVERLAND, SHANKLIN"
SANDY BAY BEACH,Sandy Bay,SANDY BAY BEACH
Scarborough North Bay,Scarborough North Bay,
Scarborough North Bay,Scarborough North Bay,
Scarborough North Bay,Scarborough North Bay,
Scarborough North Bay,Scarborough North Bay,
Scarborough North Bay,Scarborough North Bay,
Scarborough North Bay,Scarborough North Bay,
Scarborough North Bay,Scarborough North Bay,
Scarborough South Bay,Scarborough South Bay,
Scarborough South Bay,Scarborough South Bay,
Scarborough South Bay,Scarborough South Bay,
Seaburn (Whitburn North),Seaburn - Sunderland,Seaburn (Whitburn North)
Seaburn (Whitburn North),Seaburn - Sunderland,Seaburn (Whitburn North)
Seaburn (Whitburn North),Seaburn - Sunderland,Seaburn (Whitburn North)
Seaburn (Whitburn North),Seaburn - Sunderland,Seaburn (Whitburn North)
SEAFORD,Seaford,
SEAFORD,Seaford,
SEAFORD,Seaford,
SEAFORD,Seaford,
SEAFORD,Seaford,
SEAFORD,Seaford,
SEAFORD,Seaford,
Seaham Beach,Seaham Beach,
Seaham Hall,Seaham Beach,Seaham Hall
Seaham Hall,Seaham Beach,Seaham Hall
Seaham Hall,Seaham Beach,Seaham Hall
Seaham Hall,Seaham Beach,Seaham Hall
Seaham Hall,Seaham Beach,Seaham Hall
Seaham Hall,Seaham Beach,Seaham Hall
Seahouses North,Seahouses North,
Seahouses North,Seahouses North,
Seahouses North,Seahouses North,
Seahouses North,Seahouses North,
Seascale,Seascale,
Seascale,Seascale,
Seascale,Seascale,
Seascale,Seascale,
Seascale,Seascale,
Seascale,Seascale,
Seascale,Seascale,
Seascale,Seascale,
Seascale,Seascale,
Seascale,Seascale,
Seaton (Cornwall),Seaton (Cornwall),
Seaton (Cornwall),Seaton (Cornwall),
Seaton (Cornwall),Seaton (Cornwall),
Seaton (Cornwall),Seaton (Cornwall),
Seaton (Cornwall),Seaton (Cornwall),
SEATON BEACH,Seaton (Devon),SEATON BEACH
SEATON BEACH,Seaton (Devon),SEATON BEACH
SEATON BEACH,Seaton (Devon),SEATON BEACH
Seaton Carew Centre,Seaton Carew Centre,
Seaton Carew Centre,Seaton Carew Centre,
Seaton Carew Centre,Seaton Carew Centre,
Seaton Carew North,Seaton Carew North,
Seaton Carew North,Seaton Carew North,
Seaton Carew North,Seaton Carew North,
Seaton Carew North,Seaton Carew North,
Seaton Sluice,Seaton Sluice,
Seaton Sluice,Seaton Sluice,
Seaton Sluice,Seaton Sluice,
Seaton Sluice,Seaton Sluice,
SEATOWN,Seatown,
SEATOWN,Seatown,
SELSEY,Selsey,
SELSEY,Selsey,
SENNEN BEACH,Sennen,SENNEN BEACH
SHALDON BEACH,Shaldon,SHALDON BEACH
SHALDON BEACH,Shaldon,SHALDON BEACH
SHALDON BEACH,Shaldon,SHALDON BEACH
"SHANKLIN, VENTNOR",Shanklin,"SHANKLIN, VENTNOR"
SHEERNESS,Sheerness,
SHEERNESS,Sheerness,
SHEERNESS,Sheerness,
SHEERNESS,Sheerness,
SHEERNESS,Sheerness,
"SHOREHAM BEACH, SOUTHWICK",Shoreham Beach,"SHOREHAM BEACH, SOUTHWICK"
"SHOREHAM BEACH, SOUTHWICK",Shoreham Beach,"SHOREHAM BEACH, SOUTHWICK"
"SHOREHAM BEACH, SOUTHWICK",Shoreham Beach,"SHOREHAM BEACH, SOUTHWICK"
SHORTHORN BEACH,Shorthorn Beach,
SHORTHORN BEACH,Shorthorn Beach,
Sidmouth Town,Sidmouth Town,
Sidmouth Town,Sidmouth Town,
Sidmouth Town,Sidmouth Town,
Silecroft,Silecroft,
Slapton Sands Monument,Slapton Sands Monument,
Southport,Southport,
Southport,Southport,
Southport,Southport,
Southport,Southport,
Southport,Southport,
"Southport, St Annes Pier, St. Annes North and Blackpool South",Southport,"Southport, St Annes Pier, St. Annes North and Blackpool South"
"Southport, St Annes Pier, St. Annes North and Blackpool South",Southport,"Southport, St Annes Pier, St. Annes North and Blackpool South"
"Southport, St Annes Pier, St. Annes North and Blackpool South",Southport,"Southport, St Annes Pier, St. Annes North and Blackpool South"
"Southport, St Annes Pier, St. Annes North and Blackpool South",Southport,"Southport, St Annes Pier, St. Annes North and Blackpool South"
"Southport, St Annes Pier, St. Annes North and Blackpool South",Southport,"Southport, St Annes Pier, St. Annes North and Blackpool South"
"Southport, St Annes Pier, St. Annes North and Blackpool South",Southport,"Southport, St Annes Pier, St. Annes North and Blackpool South"
"Southport, St Annes Pier, St. Annes North and Blackpool South",Southport,"Southport, St Annes Pier, St. Annes North and Blackpool South"
"Southport, St Annes Pier, St. Annes North and Blackpool South",Southport,"Southport, St Annes Pier, St. Annes North and Blackpool South"
"Southport, St Annes Pier, St. Annes North and Blackpool South",Southport,"Southport, St Annes Pier, St. Annes North and Blackpool South"
"Southport, St Annes Pier, St. Annes North and Blackpool South",Southport,"Southport, St Annes Pier, St. Annes North and Blackpool South"
"Southport, St Annes Pier, St. Annes North and Blackpool South",Southport,"Southport, St Annes Pier, St. Annes North and Blackpool South"
"Southport, St Annes Pier, St. Annes North and Blackpool South",Southport,"Southport, St Annes Pier, St. Annes North and Blackpool South"
"Southport, St Annes Pier, St. Annes North and Blackpool South",Southport,"Southport, St Annes Pier, St. Annes North and Blackpool South"
"Southport, St Annes Pier, St. Annes North and Blackpool South",Southport,"Southport, St Annes Pier, St. Annes North and Blackpool South"
"Southport, St Annes Pier, St. Annes North and Blackpool South",Southport,"Southport, St Annes Pier, St. Annes North and Blackpool South"
"Southport, St Annes Pier, St. Annes North and Blackpool South",Southport,"Southport, St Annes Pier, St. Annes North and Blackpool South"
"Southport, St Annes Pier, St. Annes North and Blackpool South",Southport,"Southport, St Annes Pier, St. Annes North and Blackpool South"
"Southport, St Annes Pier, St. Annes North and Blackpool South",Southport,"Southport, St Annes Pier, St. Annes North and Blackpool South"
"Southport, St Annes Pier, St. Annes North and Blackpool South",Southport,"Southport, St Annes Pier, St. Annes North and Blackpool South"
"St Annes, St Annes North, Blackpool South, Blackpool Central, Blackpool North, Southport, Ainsdale",Southport,
"St Annes Pier; St. Annes North; Blackpool South",Southport,
"St Annes; St Annes North",Southport,
SOUTHWICK,Southwick,
Spittal,Spittal,
Spittal,Spittal,
Spittal,Spittal,
Spittal,Spittal,
Spittal,Spittal,
Spittal,Spittal,
Spittal,Spittal,
Spittal,Spittal,
Spittal,Spittal,
Spittal,Spittal,
Spittal,Spittal,
Spittal,Spittal,
Spittal,Spittal,
Spittal,Spittal,
Spittal,Spittal,
Spittal,Spittal,
Spittal,Spittal,
Spittal,Spittal,
Spittal,Spittal,
Spittal,Spittal,
Spittal,Spittal,
Spittal,Spittal,
Spittal,Spittal,
Spittal,Spittal,
Spittal,Spittal,
Spittal,Spittal,
Spittal,Spittal,
St Annes,St Annes,
St Annes,St Annes,
St Annes,St Annes,
St Annes,St Annes,
St Annes,St Annes,
St Annes,St Annes,
St Annes,St Annes,
St Annes,St Annes,
St Annes,St Annes,
St Annes,St Annes,
St Annes,St Annes,
St Annes,St Annes,
St Annes,St Annes,
St Annes,St Annes,
St Annes,St Annes,
St Annes,St Annes,
St Annes,St Annes,
St Annes,St Annes,
St Annes,St Annes,
St Annes,St Annes,
St Annes,St Annes,
St Annes,St Annes,
St Annes,St Annes,
"St Annes Pier, St. Annes North and Blackpool South",St Annes North,"St Annes Pier, St. Annes North and Blackpool South"
"St Annes Pier, St. Annes North and Blackpool South",St Annes North,"St Annes Pier, St. Annes North and Blackpool South"
"St Annes Pier, St. Annes North and Blackpool South",St Annes North,"St Annes Pier, St. Annes North and Blackpool South"
St Annes_x000D_St Annes North_x000D_Southport_x000D_Blackpool South,St Annes North,St Annes_x000D_St Annes North_x000D_Southport_x000D_Blackpool South
St Bees,St Bees,
St Bees,St Bees,
St Bees,St Bees,
St Bees,St Bees,
St Bees,St Bees,
St Bees,St Bees,
St Bees,St Bees,
St Bees,St Bees,
St Bees,St Bees,
St Bees,St Bees,
St Bees,St Bees,
ST HELENS,St Helens,
ST HELENS,St Helens,
ST.MARYS BAY BEACH,"St Mildred's Bay, Westgate",ST.MARYS BAY BEACH
STOKES BAY,Stokes Bay,
STOKES BAY,Stokes Bay,
STOKES BAY,Stokes Bay,
STOKES BAY,Stokes Bay,
STOKES BAY,Stokes Bay,
STOKES BAY,Stokes Bay,
STOKES BAY,Stokes Bay,
STOKES BAY,Stokes Bay,
STOKES BAY,Stokes Bay,
STOKES BAY,Stokes Bay,
STOKES BAY,Stokes Bay,
STOKES BAY,Stokes Bay,
"STOKES BAY, SOUTHSEA",Stokes Bay,"STOKES BAY, SOUTHSEA"
"STOKES BAY, SOUTHSEA",Stokes Bay,"STOKES BAY, SOUTHSEA"
"STOKES BAY, SOUTHSEA",Stokes Bay,"STOKES BAY, SOUTHSEA"
"STOKES BAY, SOUTHSEA",Stokes Bay,"STOKES BAY, SOUTHSEA"
"STOKES BAY, SOUTHSEA",Stokes Bay,"STOKES BAY, SOUTHSEA"
"STOKES BAY, SOUTHSEA",Stokes Bay,"STOKES BAY, SOUTHSEA"
"STOKES BAY, SOUTHSEA",Stokes Bay,"STOKES BAY, SOUTHSEA"
"STOKES BAY, SOUTHSEA",Stokes Bay,"STOKES BAY, SOUTHSEA"
"STOKES BAY, SOUTHSEA",Stokes Bay,"STOKES BAY, SOUTHSEA"
"STOKES BAY, SOUTHSEA",Stokes Bay,"STOKES BAY, SOUTHSEA"
"STOKES BAY, SOUTHSEA",Stokes Bay,"STOKES BAY, SOUTHSEA"
STUDLAND KNOLL HOUSE,Studland Knoll House,
SUMMERLEAZE,Summerleaze,
SUMMERLEAZE,Summerleaze,
SUMMERLEAZE,Summerleaze,
SUMMERLEAZE,Summerleaze,
SUMMERLEAZE,Summerleaze,
SUMMERLEAZE,Summerleaze,
SWANAGE CENTRAL,Swanage Central,
SWANAGE CENTRAL,Swanage Central,
SWANAGE CENTRAL,Swanage Central,
SWANAGE CENTRAL,Swanage Central,
SWANPOOL BEACH,Swanpool,SWANPOOL BEACH
SWANPOOL BEACH,Swanpool,SWANPOOL BEACH
SWANPOOL BEACH,Swanpool,SWANPOOL BEACH
"TANKERTON, WEST BEACH WHITSTABLE",Tankerton,"TANKERTON, WEST BEACH WHITSTABLE"
"TANKERTON, WEST BEACH WHITSTABLE",Tankerton,"TANKERTON, WEST BEACH WHITSTABLE"
"TANKERTON, WEST BEACH WHITSTABLE",Tankerton,"TANKERTON, WEST BEACH WHITSTABLE"
"TANKERTON, WEST BEACH WHITSTABLE",Tankerton,"TANKERTON, WEST BEACH WHITSTABLE"
"TANKERTON, WEST BEACH WHITSTABLE",Tankerton,"TANKERTON, WEST BEACH WHITSTABLE"
Teignmouth Holcombe,Teignmouth Holcombe,
Teignmouth Holcombe,Teignmouth Holcombe,
Teignmouth Holcombe,Teignmouth Holcombe,
Thurlestone North,Thurlestone North,
Thurlestone North,Thurlestone North,
TORRE ABBEY BEACH,Torre Abbey,TORRE ABBEY BEACH
TORRE ABBEY BEACH,Torre Abbey,TORRE ABBEY BEACH
TORRE ABBEY BEACH,Torre Abbey,TORRE ABBEY BEACH
TOWAN BEACH NEWQUAY,Towan,TOWAN BEACH NEWQUAY
TREBARWITH STRAND BEACH,Trebarwith Strand,TREBARWITH STRAND BEACH
TREVAUNANCE COVE BEACH,Trevaunance Cove,TREVAUNANCE COVE BEACH
TREVAUNANCE COVE BEACH,Trevaunance Cove,TREVAUNANCE COVE BEACH
TREVAUNANCE COVE BEACH,Trevaunance Cove,TREVAUNANCE COVE BEACH
TREVONE BAY BEACH,Trevone Bay,TREVONE BAY BEACH
Tynemouth Longsands South,Tynemouth Long Sands South,Tynemouth Longsands South
VENTNOR,Ventnor,
VENTNOR,Ventnor,
Wallasey,Wallasey,
Wallasey,Wallasey,
Wallasey,Wallasey,
Wallasey,Wallasey,
Wallasey,Wallasey,
Wallasey,Wallasey,
Wallasey,Wallasey,
Wallasey,Wallasey,
Wallasey,Wallasey,
Wallasey,Wallasey,
Wallasey,Wallasey,
Wallasey,Wallasey,
Wallasey,Wallasey,
Wallasey,Wallasey,
Wallasey,Wallasey,
Wallasey,Wallasey,
Wallasey,Wallasey,
Wallasey,Wallasey,
Wallasey,Wallasey,
Wallasey,Wallasey,
Wallasey,Wallasey,
Wallasey,Wallasey,
Wallasey,Wallasey,
Wallasey,Wallasey,
Wallasey,Wallasey,
Wallasey,Wallasey,
Wallasey,Wallasey,
Wallasey,Wallasey,
Wallasey,Wallasey,
Wallasey,Wallasey,
Wallasey,Wallasey,
Wallasey,Wallasey,
Wallasey,Wallasey,
Wallasey,Wallasey,
Wallasey,Wallasey,
Wallasey,Wallasey,
Wallasey,Wallasey,
Wallasey,Wallasey,
Walney,Wallasey,Walney
"Walney Biggar Bank, Walney West Shore, and Walney Sandy Gap",Walney Biggar Bank,"Walney Biggar Bank, Walney West Shore, and Walney Sandy Gap"
"Walney Biggar Bank, Walney West Shore, and Walney Sandy Gap",Walney Biggar Bank,"Walney Biggar Bank, Walney West Shore, and Walney Sandy Gap"
"Walney Biggar Bank, Walney West Shore, and Walney Sandy Gap",Walney Biggar Bank,"Walney Biggar Bank, Walney West Shore, and Walney Sandy Gap"
"Walney Biggar Bank, Walney West Shore, and Walney Sandy Gap",Walney Biggar Bank,"Walney Biggar Bank, Walney West Shore, and Walney Sandy Gap"
"Walney Biggar Bank, Walney West Shore, and Walney Sandy Gap",Walney Biggar Bank,"Walney Biggar Bank, Walney West Shore, and Walney Sandy Gap"
"Walney Biggar Bank, Walney West Shore, and Walney Sandy Gap",Walney Biggar Bank,"Walney Biggar Bank, Walney West Shore, and Walney Sandy Gap"
"Walney Biggar Bank, Walney West Shore, and Walney Sandy Gap",Walney Biggar Bank,"Walney Biggar Bank, Walney West Shore, and Walney Sandy Gap"
"Walney Biggar Bank, Walney West Shore, and Walney Sandy Gap",Walney Biggar Bank,"Walney Biggar Bank, Walney West Shore, and Walney Sandy Gap"
"Walney Biggar Bank, Walney West Shore, and Walney Sandy Gap",Walney Biggar Bank,"Walney Biggar Bank, Walney West Shore, and Walney Sandy Gap"
"Walney Biggar Bank, Walney West Shore, and Walney Sandy Gap",Walney Biggar Bank,"Walney Biggar Bank, Walney West Shore, and Walney Sandy Gap"
"Walney Biggar Bank, Walney West Shore, and Walney Sandy Gap",Walney Biggar Bank,"Walney Biggar Bank, Walney West Shore, and Walney Sandy Gap"
"Walney Biggar Bank, Walney West Shore, and Walney Sandy Gap",Walney Biggar Bank,"Walney Biggar Bank, Walney West Shore, and Walney Sandy Gap"
"Walney Biggar Bank; Walney West Shore; Walney Sandy Gap",Walney Biggar Bank,
Walney Sandy Gap,Walney Sandy Gap,
Walney West Shore,Walney West Shore,
Walney West Shore,Walney West Shore,
Walney West Shore,Walney West Shore,
Warkworth & Amble Links,Warkworth,Warkworth & Amble Links
Warkworth & Amble Links,Warkworth,Warkworth & Amble Links
Warkworth & Amble Links,Warkworth,Warkworth & Amble Links
Warkworth & Amble Links,Warkworth,Warkworth & Amble Links
Warkworth & Amble Links,Warkworth,Warkworth & Amble Links
Warkworth & Amble Links,Warkworth,Warkworth & Amble Links
Warkworth & Amble Links,Warkworth,Warkworth & Amble Links
"Warkworth; Amble Links",Warkworth,
WATERGATE BAY,Watergate Bay,
WEMBURY BEACH,Wembury,WEMBURY BEACH
WEST BAY (WEST),West Bay (West),
West Kirby,West Kirby,
West Kirby,West Kirby,
West Kirby and Meols,West Kirby,West Kirby and Meols
WESTON-SUPER-MARE UPHILL SLIPWAY/WESTON MAIN,Weston-super-Mare Uphill Slipway,WESTON-SUPER-MARE UPHILL SLIPWAY/WESTON MAIN
WESTON-SUPER-MARE UPHILL SLIPWAY/WESTON MAIN,Weston-super-Mare Uphill Slipway,WESTON-SUPER-MARE UPHILL SLIPWAY/WESTON MAIN
WESTWARD HO! BEACH,Westward Ho!,WESTWARD HO! BEACH
WEYMOUTH CENTRAL,Weymouth Central,
WEYMOUTH CENTRAL,Weymouth Central,
WEYMOUTH CENTRAL,Weymouth Central,
WEYMOUTH LODMOOR,Weymouth Lodmoor,
WEYMOUTH LODMOOR,Weymouth Lodmoor,
Whitley Bay,Whitley Bay,
Whitley Bay,Whitley Bay,
Whitley Bay,Whitley Bay,
Whitley Bay,Whitley Bay,
Whitley Bay,Whitley Bay,
Whitley Bay,Whitley Bay,
WIDEMOUTH SAND,Widemouth Sand,
Wilsthorpe,Wilsthorpe,
Wilsthorpe,Wilsthorpe,
"Windermere, Millerground Landing","Windermere, Millerground Landing",
WOOLACOMBE Village,Woolacombe Village,
WORTHING,Worthing,
WORTHING,Worthing,
WORTHING,Worthing,
WORTHING,Worthing,
WORTHING,Worthing,
WORTHING,Worthing,
WORTHING,Worthing,
WORTHING,Worthing,
WORTHING,Worthing,
"Seaton Carew (Centre)","Seaton Carew Centre",xxx
"Seaton Carew (North)","Seaton Carew North",xxx
"Marske","Marske Sands",xxx
"PLYMOUTH HOE (EAST)","Plymouth Hoe East",xxx
"PLYMOUTH HOE (WEST)","Plymouth Hoe West",xxx
"PLYMOUTH HOE (EAST & WEST)","Plymouth Hoe East",xxx
"SEATON BEACH (CORNWALL)","Seaton (Cornwall)",xxx
"PAIGNTON (PAIGNTON SANDS)","Paignton Paignton Sands",xxx
"PAIGNTON (PRESTON SANDS)","Paignton Preston Sands",xxx
"TEIGNMOUTH (TOWN) BEACH","Teignmouth Town",xxx
"THURLESTONE (SOUTH) BEACH","Thurlestone South",xxx
"SIDMOUTH (TOWN) BEACH","Sidmouth Town",xxx
"ILFRACOMBE (HELE) BEACH","Ilfracombe Hele",xxx
"TEIGNMOUTH (HOLCOMBE) BEACH","Teignmouth Holcombe",xxx
"SLAPTON SANDS (TORCROSS)","Slapton Sands Torcross",xxx
"BOTANY BAY BROADSTAIRS, BROADSTAIRS STONE BAY, BROADSTAIRS VIKING BAY, JOSS BAY BROADSTAIRS","Botany Bay, Broadstairs",xxx
"BOTANY BAY BROADSTAIRS, BROADSTAIRS STONE BAY, JOSS BAY BROADSTAIRS, MARGATE FULSAM ROCK, MARGATE THE BAY, WALPOLE BAY MARGATE","Botany Bay, Broadstairs",xxx
"BROADSTAIRS STONE BAY, BROADSTAIRS VIKING BAY, RAMSGATE SANDS, RAMSGATE WESTERN UNDERCLIFFE","Botany Bay, Broadstairs",xxx
"LANCING BEACH GREEN, WORTHING","Lancing, Beach Green",xxx
"SOUTHSEA, STOKES BAY","Stokes Bay",xxx
"WOOLACOMBE (VILLAGE) BEACH","Woolacombe Village",xxx
"BOGNOR EAST, FELPHAM","Bognor Regis East",xxx
"BOGNOR REGIS EAST, FELPHAM, MIDDLETON-ON-SEA","Bognor Regis East",xxx
"SHOALSTONE BEACH","Breakwater Beach (Shoalstone)",xxx
"SOUTHSEA EAST, STOKES BAY","Stokes Bay",xxx
"Whitby","Whitby",
"Lowestoft North","Lowestoft (North of Claremont Pier)",
"Flamborough","Danes Dyke, Flamborough",
"INSTOW BEACH",Instow,
Sherringham,Sheringham,
"Southwold the Deans","Southwold The Denes",
"Southwold the Pier","Southwold The Pier",
"SALTDEAN, SEAFORD",Saltdean,
"LANCING BEACH GREEN, SHOREHAM BEACH, SOUTHWICK","Lancing, Beach Green",
BURNHAM JETTY NORTH,Burnham Jetty North,
LYME REGIS CHURCH CLIFF BEACH,Lyme Regis Church Cliff Beach,
"West Kirby; Meols",West Kirby,
"Windermere, Rayrigg Meadow; Windermere, Millerground Landing","Windermere, Rayrigg Meadow",
"Great Yarmouth Pier/Great Yarmouth South","Great Yarmouth Pier",
"Morcambe South","Morecambe South",
"Morcambe North","Morecambe North",
"Morecambe","Morecambe North",
"ROCK BEACH",Rock,
"Newbiggin North; Newbiggin South",Newbiggin North,
"New Brighton",Wallasey,Wallasey
"Indirectly via Scalby Beck to Scarborough North Bay","Scarborough North Bay","Scarborough North Bay"
"St Annes_x000D_\nSt Annes North_x000D_\nSouthport_x000D_\nBlackpool South","Blackpool South","Blackpool South"